{"cameraMode":{"drawMode":0,"name":"Shaded","section":"Shading Mode"},"sceneLighting":true,"audioPlay":false,"sceneViewState":{"showFog":true,"showMaterialUpdate":false,"showSkybox":true,"showFlares":true,"showImageEffects":true,"showParticleSystems":true},"in2DMode":false,"pivot":{"x":-112.44837188720703,"y":-61.59161376953125,"z":89.69120788574219},"rotation":{"x":0.262827605009079,"y":-0.5766327977180481,"z":0.20284029841423036,"w":0.7465827465057373},"size":144.23077392578126,"orthographic":false}