{"cameraMode":{"drawMode":0,"name":"Shaded","section":"Shading Mode"},"sceneLighting":true,"audioPlay":false,"sceneViewState":{"showFog":true,"showMaterialUpdate":false,"showSkybox":true,"showFlares":true,"showImageEffects":true,"showParticleSystems":true},"in2DMode":false,"pivot":{"x":8.681448936462403,"y":27.442214965820314,"z":42.12089157104492},"rotation":{"x":0.4220205843448639,"y":0.029349463060498239,"z":-0.01367751695215702,"w":0.9060486555099487},"size":63.2690544128418,"orthographic":false}