{"cameraMode":{"drawMode":0,"name":"Shaded","section":"Shading Mode"},"sceneLighting":true,"audioPlay":false,"sceneViewState":{"showFog":true,"showMaterialUpdate":false,"showSkybox":true,"showFlares":true,"showImageEffects":true,"showParticleSystems":true},"in2DMode":false,"pivot":{"x":89.68218231201172,"y":-80.77022552490235,"z":70.84671783447266},"rotation":{"x":-0.2995070219039917,"y":-0.6175774335861206,"z":0.27468141913414,"w":-0.6733855605125427},"size":140.15374755859376,"orthographic":false}