{"cameraMode":{"drawMode":0,"name":"Shaded","section":"Shading Mode"},"sceneLighting":true,"audioPlay":false,"sceneViewState":{"showFog":true,"showMaterialUpdate":false,"showSkybox":true,"showFlares":true,"showImageEffects":true,"showParticleSystems":true},"in2DMode":false,"pivot":{"x":-11.54910659790039,"y":17.2544002532959,"z":58.747310638427737},"rotation":{"x":0.25779083371162417,"y":-0.6683029532432556,"z":0.2672254741191864,"w":0.6446525454521179},"size":34.91975402832031,"orthographic":false}