{"cameraMode":{"drawMode":0,"name":"Shaded","section":"Shading Mode"},"sceneLighting":true,"audioPlay":false,"sceneViewState":{"showFog":true,"showMaterialUpdate":false,"showSkybox":true,"showFlares":true,"showImageEffects":true,"showParticleSystems":true},"in2DMode":false,"pivot":{"x":-60.313236236572269,"y":-87.88785552978516,"z":97.57241821289063},"rotation":{"x":0.44050970673561098,"y":-0.4117310047149658,"z":0.2380618005990982,"w":0.7614885568618774},"size":138.47584533691407,"orthographic":false}