{"cameraMode":{"drawMode":0,"name":"Shaded","section":"Shading Mode"},"sceneLighting":false,"audioPlay":false,"sceneViewState":{"showFog":true,"showMaterialUpdate":false,"showSkybox":false,"showFlares":true,"showImageEffects":true,"showParticleSystems":true},"in2DMode":false,"pivot":{"x":-3.359443426132202,"y":28.304447174072267,"z":64.12862396240235},"rotation":{"x":0.21018263697624207,"y":-0.018476692959666253,"z":0.003972852136939764,"w":0.9774803519248962},"size":30.905702590942384,"orthographic":false}