{"cameraMode":{"drawMode":0,"name":"Shaded","section":"Shading Mode"},"sceneLighting":true,"audioPlay":false,"sceneViewState":{"showFog":true,"showMaterialUpdate":false,"showSkybox":true,"showFlares":true,"showImageEffects":true,"showParticleSystems":true},"in2DMode":false,"pivot":{"x":-9.774389266967774,"y":30.258323669433595,"z":75.45329284667969},"rotation":{"x":0.12258308380842209,"y":-0.21843594312667848,"z":0.027669573202729226,"w":0.9677274227142334},"size":39.39066696166992,"orthographic":true}