{"cameraMode":{"drawMode":0,"name":"Shaded","section":"Shading Mode"},"sceneLighting":true,"audioPlay":false,"sceneViewState":{"showFog":true,"showMaterialUpdate":false,"showSkybox":true,"showFlares":true,"showImageEffects":true,"showParticleSystems":true},"in2DMode":false,"pivot":{"x":-11.63330078125,"y":38.0205078125,"z":38.7236328125},"rotation":{"x":0.04400130361318588,"y":0.8771860003471375,"z":-0.47116002440452578,"w":0.08211804181337357},"size":4.061513900756836,"orthographic":true}