{"cameraMode":{"drawMode":0,"name":"Shaded","section":"Shading Mode"},"sceneLighting":true,"audioPlay":false,"sceneViewState":{"showFog":true,"showMaterialUpdate":false,"showSkybox":true,"showFlares":true,"showImageEffects":true,"showParticleSystems":true},"in2DMode":false,"pivot":{"x":408.3857727050781,"y":183.40890502929688,"z":232.75},"rotation":{"x":0.03149352967739105,"y":-0.00899568386375904,"z":0.0002834346378222108,"w":0.9994641542434692},"size":567.8837280273438,"orthographic":true}