{"cameraMode":{"drawMode":0,"name":"Shaded","section":"Shading Mode"},"sceneLighting":false,"audioPlay":false,"sceneViewState":{"showFog":true,"showMaterialUpdate":false,"showSkybox":false,"showFlares":true,"showImageEffects":true,"showParticleSystems":true},"in2DMode":false,"pivot":{"x":-12.594331741333008,"y":0.9447029232978821,"z":-7.948587894439697},"rotation":{"x":-0.10588835179805756,"y":0.15476538240909577,"z":-0.016684137284755708,"w":-0.9821265935897827},"size":7.902373790740967,"orthographic":true}