{"cameraMode":{"drawMode":0,"name":"Shaded","section":"Shading Mode"},"sceneLighting":true,"audioPlay":false,"sceneViewState":{"showFog":true,"showMaterialUpdate":false,"showSkybox":true,"showFlares":true,"showImageEffects":true,"showParticleSystems":true},"in2DMode":false,"pivot":{"x":-4.186079978942871,"y":16.6618709564209,"z":73.33677673339844},"rotation":{"x":-0.23913918435573579,"y":0.07982083410024643,"z":-0.02162598818540573,"w":-0.9677749276161194},"size":71.85462951660156,"orthographic":false}