{"cameraMode":{"drawMode":0,"name":"Shaded","section":"Shading Mode"},"sceneLighting":false,"audioPlay":false,"sceneViewState":{"showFog":true,"showMaterialUpdate":false,"showSkybox":false,"showFlares":true,"showImageEffects":true,"showParticleSystems":true},"in2DMode":false,"pivot":{"x":-0.003705441951751709,"y":0.24372172355651856,"z":-0.12079834938049317},"rotation":{"x":-0.10129079222679138,"y":0.5439104437828064,"z":-0.0676814392209053,"w":-0.8305851817131043},"size":4.645369529724121,"orthographic":false}