{"cameraMode":{"drawMode":0,"name":"Shaded","section":"Shading Mode"},"sceneLighting":false,"audioPlay":false,"sceneViewState":{"showFog":true,"showMaterialUpdate":false,"showSkybox":false,"showFlares":true,"showImageEffects":true,"showParticleSystems":true},"in2DMode":false,"pivot":{"x":0.02659553289413452,"y":0.0027499794960021974,"z":-0.013235807418823243},"rotation":{"x":0.4767496883869171,"y":0.5238128304481506,"z":-0.4834183156490326,"w":0.5149656534194946},"size":3.6982626914978029,"orthographic":false}