{"cameraMode":{"drawMode":0,"name":"Shaded","section":"Shading Mode"},"sceneLighting":false,"audioPlay":false,"sceneViewState":{"showFog":true,"showMaterialUpdate":false,"showSkybox":false,"showFlares":true,"showImageEffects":true,"showParticleSystems":true},"in2DMode":false,"pivot":{"x":-0.07535730302333832,"y":0.3184744119644165,"z":0.11097726225852967},"rotation":{"x":0.540895402431488,"y":0.45552608370780947,"z":0.45079466700553896,"w":-0.5452101230621338},"size":4.479416370391846,"orthographic":false}