{"cameraMode":{"drawMode":0,"name":"Shaded","section":"Shading Mode"},"sceneLighting":false,"audioPlay":false,"sceneViewState":{"showFog":true,"showMaterialUpdate":false,"showSkybox":false,"showFlares":true,"showImageEffects":true,"showParticleSystems":true},"in2DMode":false,"pivot":{"x":-0.010487288236618042,"y":0.0917818546295166,"z":0.06623798608779907},"rotation":{"x":0.43642380833625796,"y":0.5605546832084656,"z":0.5401983261108398,"w":-0.4517078101634979},"size":3.009826898574829,"orthographic":false}