{"cameraMode":{"drawMode":0,"name":"Shaded","section":"Shading Mode"},"sceneLighting":false,"audioPlay":false,"sceneViewState":{"showFog":true,"showMaterialUpdate":false,"showSkybox":false,"showFlares":true,"showImageEffects":true,"showParticleSystems":true},"in2DMode":false,"pivot":{"x":0.048279523849487308,"y":0.34685856103897097,"z":-0.16024142503738404},"rotation":{"x":-0.48122960329055788,"y":0.5161105394363403,"z":-0.4726698696613312,"w":-0.5283723473548889},"size":3.577082872390747,"orthographic":false}