{"cameraMode":{"drawMode":0,"name":"Shaded","section":"Shading Mode"},"sceneLighting":false,"audioPlay":false,"sceneViewState":{"showFog":true,"showMaterialUpdate":false,"showSkybox":false,"showFlares":true,"showImageEffects":true,"showParticleSystems":true},"in2DMode":false,"pivot":{"x":0.04063612222671509,"y":0.48479002714157107,"z":-0.17955243587493897},"rotation":{"x":-0.21347245573997498,"y":0.6275617480278015,"z":-0.1861525923013687,"w":-0.7255894541740418},"size":3.8080687522888185,"orthographic":false}