{"cameraMode":{"drawMode":0,"name":"Shaded","section":"Shading Mode"},"sceneLighting":false,"audioPlay":false,"sceneViewState":{"showFog":true,"showMaterialUpdate":false,"showSkybox":false,"showFlares":true,"showImageEffects":true,"showParticleSystems":true},"in2DMode":false,"pivot":{"x":0.02108025550842285,"y":0.875550389289856,"z":0.000944674015045166},"rotation":{"x":0.47025665640830996,"y":0.5307927131652832,"z":-0.5003225207328796,"w":0.4973393976688385},"size":6.064481735229492,"orthographic":false}