{"cameraMode":{"drawMode":0,"name":"Shaded","section":"Shading Mode"},"sceneLighting":false,"audioPlay":false,"sceneViewState":{"showFog":true,"showMaterialUpdate":false,"showSkybox":false,"showFlares":true,"showImageEffects":true,"showParticleSystems":true},"in2DMode":false,"pivot":{"x":-5.031099796295166,"y":26.57417869567871,"z":63.816070556640628},"rotation":{"x":0.0454895943403244,"y":0.17235207557678224,"z":-0.007979263551533223,"w":0.9839680790901184},"size":21.171367645263673,"orthographic":false}