{"cameraMode":{"drawMode":0,"name":"Shaded","section":"Shading Mode"},"sceneLighting":true,"audioPlay":false,"sceneViewState":{"showFog":true,"showMaterialUpdate":false,"showSkybox":true,"showFlares":true,"showImageEffects":true,"showParticleSystems":true},"in2DMode":false,"pivot":{"x":-2.0797834396362306,"y":18.405248641967775,"z":71.1561508178711},"rotation":{"x":-0.2616907060146332,"y":0.03187096491456032,"z":-0.00856838095933199,"w":-0.964655339717865},"size":51.06068420410156,"orthographic":false}