{"cameraMode":{"drawMode":0,"name":"Shaded","section":"Shading Mode"},"sceneLighting":false,"audioPlay":false,"sceneViewState":{"showFog":true,"showMaterialUpdate":false,"showSkybox":false,"showFlares":true,"showImageEffects":true,"showParticleSystems":true},"in2DMode":false,"pivot":{"x":0.288330078125,"y":-0.04828464984893799,"z":-0.10736298561096192},"rotation":{"x":-0.18500474095344544,"y":-0.6857659220695496,"z":0.1849302351474762,"w":-0.6795892119407654},"size":3.653343677520752,"orthographic":false}