{"cameraMode":{"drawMode":0,"name":"Shaded","section":"Shading Mode"},"sceneLighting":false,"audioPlay":false,"sceneViewState":{"showFog":true,"showMaterialUpdate":false,"showSkybox":false,"showFlares":true,"showImageEffects":true,"showParticleSystems":true},"in2DMode":false,"pivot":{"x":-5.031099796295166,"y":26.57417869567871,"z":63.816070556640628},"rotation":{"x":0.06699249148368836,"y":0.06819435954093933,"z":-0.004600610118359327,"w":0.9954249262809753},"size":16.98898696899414,"orthographic":false}