{"cameraMode":{"drawMode":0,"name":"Shaded","section":"Shading Mode"},"sceneLighting":false,"audioPlay":false,"sceneViewState":{"showFog":true,"showMaterialUpdate":false,"showSkybox":false,"showFlares":true,"showImageEffects":true,"showParticleSystems":true},"in2DMode":false,"pivot":{"x":-0.0817084014415741,"y":0.5015400648117065,"z":-0.2706906795501709},"rotation":{"x":0.48891058564186098,"y":0.5120024085044861,"z":-0.4913502037525177,"w":0.50788414478302},"size":3.6673672199249269,"orthographic":false}