{"cameraMode":{"drawMode":0,"name":"Shaded","section":"Shading Mode"},"sceneLighting":false,"audioPlay":false,"sceneViewState":{"showFog":true,"showMaterialUpdate":false,"showSkybox":false,"showFlares":true,"showImageEffects":true,"showParticleSystems":true},"in2DMode":false,"pivot":{"x":0.04169273376464844,"y":0.8967084884643555,"z":-0.10550987720489502},"rotation":{"x":0.5274853706359863,"y":-0.030679840594530107,"z":-0.019957441836595537,"w":-0.8490947484970093},"size":4.030318260192871,"orthographic":false}