{"cameraMode":{"drawMode":0,"name":"Shaded","section":"Shading Mode"},"sceneLighting":false,"audioPlay":false,"sceneViewState":{"showFog":true,"showMaterialUpdate":false,"showSkybox":false,"showFlares":true,"showImageEffects":true,"showParticleSystems":true},"in2DMode":false,"pivot":{"x":0.055683255195617679,"y":0.9748084545135498,"z":0.010733366012573243},"rotation":{"x":0.38393324613571169,"y":0.6098604798316956,"z":0.4269420802593231,"w":-0.5467450022697449},"size":4.997843265533447,"orthographic":false}