{"cameraMode":{"drawMode":0,"name":"Shaded","section":"Shading Mode"},"sceneLighting":false,"audioPlay":false,"sceneViewState":{"showFog":true,"showMaterialUpdate":false,"showSkybox":false,"showFlares":true,"showImageEffects":true,"showParticleSystems":true},"in2DMode":false,"pivot":{"x":-0.0059263743460178379,"y":0.5731862187385559,"z":-0.05839100107550621},"rotation":{"x":0.3700130581855774,"y":0.0011440601665526629,"z":-0.00039551706868223846,"w":-0.9293200969696045},"size":5.015240669250488,"orthographic":false}