{"cameraMode":{"drawMode":0,"name":"Shaded","section":"Shading Mode"},"sceneLighting":false,"audioPlay":false,"sceneViewState":{"showFog":true,"showMaterialUpdate":false,"showSkybox":false,"showFlares":true,"showImageEffects":true,"showParticleSystems":true},"in2DMode":false,"pivot":{"x":0.014557480812072754,"y":0.3021722137928009,"z":0.1686263084411621},"rotation":{"x":-0.5617185235023499,"y":-0.03064211830496788,"z":0.01948622241616249,"w":-0.8268572092056274},"size":3.400718927383423,"orthographic":false}