{"cameraMode":{"drawMode":0,"name":"Shaded","section":"Shading Mode"},"sceneLighting":false,"audioPlay":false,"sceneViewState":{"showFog":true,"showMaterialUpdate":false,"showSkybox":false,"showFlares":true,"showImageEffects":true,"showParticleSystems":true},"in2DMode":false,"pivot":{"x":0.08402252197265625,"y":0.898772656917572,"z":0.04755878448486328},"rotation":{"x":0.37828129529953005,"y":0.5996975898742676,"z":0.3790164589881897,"w":-0.5951153039932251},"size":5.390177249908447,"orthographic":false}