{"cameraMode":{"drawMode":0,"name":"Shaded","section":"Shading Mode"},"sceneLighting":false,"audioPlay":false,"sceneViewState":{"showFog":true,"showMaterialUpdate":false,"showSkybox":false,"showFlares":true,"showImageEffects":true,"showParticleSystems":true},"in2DMode":false,"pivot":{"x":-0.06409752368927002,"y":0.1721159815788269,"z":-0.17078262567520142},"rotation":{"x":-0.011341710574924946,"y":0.7158322334289551,"z":-0.6984468102455139,"w":-0.013221770524978638},"size":3.7611241340637209,"orthographic":false}