{"cameraMode":{"drawMode":0,"name":"Shaded","section":"Shading Mode"},"sceneLighting":false,"audioPlay":false,"sceneViewState":{"showFog":true,"showMaterialUpdate":false,"showSkybox":false,"showFlares":true,"showImageEffects":true,"showParticleSystems":true},"in2DMode":false,"pivot":{"x":0.4667093753814697,"y":0.9028463363647461,"z":-0.4877050817012787},"rotation":{"x":-0.3078376054763794,"y":0.6411543488502502,"z":0.3162028193473816,"w":0.6282700896263123},"size":6.6796183586120609,"orthographic":false}